Section,Sub-category,Title,URL slug
Reset Stories,The Strong One,From Portobello Road to a houseboat — the version nobody published.,from-portobello-road-to-a-houseboat-the-version-nobody-published
Reset Stories,The Strong One,From Portobello Road to a houseboat — twenty-five year- and what I am proud of.,from-portobello-road-to-a-houseboat-twenty-five-year-and-what-i-am-proud-of
Reset Stories,Holding Everything,I worked so hard not to feel overwhelmed. So why am I still holding everything?,i-worked-so-hard-not-to-feel-overwhelmed-so-why-am-i-still-holding-everything
Reset Stories,Signal vs Noise,The episode that got the most responses — and what it revealed.,the-episode-that-got-the-most-responses-and-what-it-revealed
Reset Stories,The Strong One,The problem with being the strong one.,the-problem-with-being-the-strong-one
Reset Stories,Holding Everything,The Reset Room — what you get inside every month.,the-reset-room-what-you-get-inside-every-month
Reset Stories,Signal vs Noise,Turns out I'm the pattern. We move.,turns-out-i-m-the-pattern-we-move
Reset Stories,The Strong One,Twenty-five years of press — and what I am willing to say now.,twenty-five-years-of-press-and-what-i-am-willing-to-say-now
Reset Stories,Holding Everything,What The Returning Circle is — and what it is not.,what-the-returning-circle-is-and-what-it-is-not
Reset Stories,Holding Everything,Who The Reset Room is for — and who it is not for.,who-the-reset-room-is-for-and-who-it-is-not-for
Reset Stories,Signal vs Noise,Why Amina and I started a podcast — and what we argue about.,why-amina-and-i-started-a-podcast-and-what-we-argue-about
Reset Stories,Signal vs Noise,Why I started making videos — and what I was most afraid of.,why-i-started-making-videos-and-what-i-was-most-afraid-of
Reset Stories,The Strong One,Why the talks that terrify me are the ones worth giving.,why-the-talks-that-terrify-me-are-the-ones-worth-giving
Life,Style and Beauty,"Bespoke jewellery — for brands, events and commissions.",bespoke-jewellery-for-brands-events-and-commissions
Life,Style and Beauty,"Digital downloads — guides, tools and deep-dives.",digital-downloads-guides-tools-and-deep-dives
Life,Food and Nourishment,How I actually feed three children on a tight budget — and why I'm not embarrassed.,how-i-actually-feed-three-children-on-a-tight-budget-and-why-i-m-not-embarrassed
Life,Rituals and Energy,"How my breath held me through my own reset, and how it can hold you too.",breathwork-the-most-underrated-nervous-system-tool-available-to-you-right-now
Life,Rituals and Energy,How to hear about events before they sell out.,how-to-hear-about-events-before-they-sell-out
Life,Style and Beauty,Personalised jewellery — why the word you choose matters more than the metal.,personalised-jewellery-why-the-word-you-choose-matters-more-than-the-metal
Life,Rituals and Energy,Surrendering and Raising Your Vibration — what this workshop is really about.,surrendering-and-raising-your-vibration-what-this-workshop-is-really-about
Life,Rituals and Energy,The Cosmic Forecast is not an astrology column — it's my diary.,the-cosmic-forecast-is-not-an-astrology-column-it-s-my-diary
Life,Rituals and Energy,The crystal guide — how to choose your first stone without spending a fortune.,the-crystal-guide-how-to-choose-your-first-stone-without-spending-a-fortune
Life,Style and Beauty,The gift guide for the woman who has been through something.,the-gift-guide-for-the-woman-who-has-been-through-something
Life,Style and Beauty,The meaning behind the jewellery you reach for — and how to choose yours with intention.,the-meaning-behind-the-jewellery-you-reach-for-and-how-to-choose-yours-with-inte
Life,Rituals and Energy,The tools actually used every day.,the-tools-actually-used-every-day
Life,Rituals and Energy,The Violet Light Technique — the daily visualisation I give every client.,the-violet-light-technique-the-daily-visualisation-i-give-every-client
Life,Style and Beauty,What I wore every day this month — and why it matters more than you think.,what-i-wore-every-day-this-month-and-why-it-matters-more-than-you-think
Love & Relationships,Dating and Patterns,Dating after something hard — what your nervous system needs before you begin.,dating-after-something-hard-what-your-nervous-system-needs-before-you-begin
Love & Relationships,Dating and Patterns,Dating in your mid-forties — what nobody says.,dating-in-your-mid-forties-what-nobody-says
Love & Relationships,Friendship,Everything you want to know before your first Returning Circle — including whether it's weird.,everything-you-want-to-know-before-your-first-returning-circle-including-whether
Love & Relationships,Breakups and Reset,Recovering from narcissistic abuse — what it does to the nervous system and how to heal.,recovering-from-narcissistic-abuse-what-it-does-to-the-nervous-system-and-how-to
Love & Relationships,Dating and Patterns,The attachment pattern that was running my relationships — without my knowledge.,the-attachment-pattern-that-was-running-my-relationships-without-my-knowledge
Love & Relationships,Friendship,The friendship audit — the most confronting list you'll ever make.,the-friendship-audit-the-most-confronting-list-you-ll-ever-make
Love & Relationships,Self Worth and Identity,Why I kept the circle donation-based — and what that decision means.,why-i-kept-the-circle-donation-based-and-what-that-decision-means
Work & Money,Founder Reset,"How to Choose Collaborations That Add Calm, Not Stress",how-to-choose-collaborations-that-add-calm-not-stress
Work & Money,Burnout and Nervous System,On why a day away is not a day off,on-why-a-day-away-is-not-a-day-off
Work & Money,Burnout and Nervous System,The body always speaks first — are you listening?,the-body-always-speaks-first-are-you-listening
Work & Money,Founder Reset,The Heart-Led Business Day — what a full day on the houseboat actually looks like.,the-heart-led-business-day-what-a-full-day-on-the-houseboat-actually-looks-like
Work & Money,Signal Method,The Reset — six weeks that actually change something.,the-reset-six-weeks-that-actually-change-something
Work & Money,Signal Method,"Three months to reclaim yourself, permanently.",three-months-to-reclaim-yourself-permanently
Work & Money,Burnout and Nervous System,Trauma and the body — why what happened is still happening and how to change that.,trauma-and-the-body-why-what-happened-is-still-happening-and-how-to-change-that
Work & Money,Burnout and Nervous System,"Trauma Release Exercises — what they are, what they cost, and why I trained in them.",trauma-release-exercises-what-they-are-what-they-cost-and-why-i-trained-in-them
Work & Money,Founder Reset,Visibility anxiety — why you're not showing up and what to do about it.,visibility-anxiety-why-you-re-not-showing-up-and-what-to-do-about-it
Work & Money,Founder Reset,What actually happens in a houseboat reset day — the real version.,what-actually-happens-in-a-houseboat-reset-day-the-real-version
Work & Money,Founder Reset,What event organisers say.,what-event-organisers-say
Work & Money,Signal Method,What somatic coaching actually is — and what it is absolutely not.,what-somatic-coaching-actually-is-and-what-it-is-absolutely-not
Work & Money,Career and Direction,Wholesale and Faire — how to stock Anna Lou of London.,wholesale-and-faire-how-to-stock-anna-lou-of-london
Work & Money,Burnout and Nervous System,Your team is not disengaged. Their nervous systems are dysregulated.,your-team-is-not-disengaged-their-nervous-systems-are-dysregulated
Uncategorised,,Building a daily practice that you'll actually do — including the times you won't.,building-a-daily-practice-that-you-ll-actually-do-including-the-times-you-won-t
Uncategorised,,Credentials — what I am trained in and why it matters.,credentials-what-i-am-trained-in-and-why-it-matters
Uncategorised,,Crystal jewellery — real gemstones and what each one means.,crystal-jewellery-real-gemstones-and-what-each-one-means
Uncategorised,,Energy clearing for the sceptics — three things that work even if you don't believe they will.,energy-clearing-for-the-sceptics-three-things-that-work-even-if-you-don-t-believ
Uncategorised,,Guest practitioners at the houseboat.,guest-practitioners-at-the-houseboat
Uncategorised,,How to start working with crystals — without it feeling strange.,how-to-start-working-with-crystals-without-it-feeling-strange
Uncategorised,,Living on Taggs Island — what the water teaches you about letting go.,living-on-taggs-island-what-the-water-teaches-you-about-letting-go
Uncategorised,,Nervous system 101 — everything you weren't taught that explains everything.,nervous-system-101-everything-you-weren-t-taught-that-explains-everything
Uncategorised,,The Agadir surf trip — why travel matters in this family.,the-agadir-surf-trip-why-travel-matters-in-this-family
Uncategorised,,The coaching quiz — your starting point in five questions.,the-coaching-quiz-your-starting-point-in-five-questions
Uncategorised,,The Crystal Guide — which stone is right for you and when.,the-crystal-guide-which-stone-is-right-for-you-and-when
Uncategorised,,The digital declutter — what's on your phone is affecting your nervous system more than you know.,the-digital-declutter-what-s-on-your-phone-is-affecting-your-nervous-system-more
Uncategorised,,The emotional declutter — the conversations you've been avoiding and what they're costing you.,the-emotional-declutter-the-conversations-you-ve-been-avoiding-and-what-they-re-
Uncategorised,,The houseboat interiors that cost almost nothing.,the-houseboat-interiors-that-cost-almost-nothing
Uncategorised,,The Nervous System Decoder — what it is and why it is free.,the-nervous-system-decoder-what-it-is-and-why-it-is-free
Uncategorised,,The paid library — what Reset Room members and Substack subscribers access.,the-paid-library-what-reset-room-members-and-substack-subscribers-access
Uncategorised,,The physical space audit — why your home is telling you things your mind won't.,the-physical-space-audit-why-your-home-is-telling-you-things-your-mind-won-t
Uncategorised,,The relationship audit — the most important list you'll ever make.,the-relationship-audit-the-most-important-list-you-ll-ever-make
Uncategorised,,"TRE, Brainspotting and Flash EMDR — what they actually are, in plain language.",tre-brainspotting-and-flash-emdr-what-they-actually-are-in-plain-language
Uncategorised,,What a pendulum session actually involves — and why it works even if you're sceptical.,what-a-pendulum-session-actually-involves-and-why-it-works-even-if-you-re-scepti
Uncategorised,,What is in the free resource library.,what-is-in-the-free-resource-library
Uncategorised,,What narcissistic abuse actually does to your inner guidance system.,what-narcissistic-abuse-actually-does-to-your-inner-guidance-system
Uncategorised,,What spiritual coaching is — and what separates it from life coaching.,what-spiritual-coaching-is-and-what-separates-it-from-life-coaching
Uncategorised,,What spiritual hygiene actually is — and why it changes everything.,what-spiritual-hygiene-actually-is-and-why-it-changes-everything
Uncategorised,,What spiritual hygiene actually is — and why your inner world needs maintenance.,what-spiritual-hygiene-actually-is-and-why-your-inner-world-needs-maintenance
Uncategorised,,What trauma actually is — and why the definition changed everything.,what-trauma-actually-is-and-why-the-definition-changed-everything
Uncategorised,,Why I trained in trauma-informed coaching — and what it means for the women I work with.,why-i-trained-in-trauma-informed-coaching-and-what-it-means-for-the-women-i-work
Uncategorised,,Why Money Feels So Loud When You’re Starting Over,article
Uncategorised,,Why retreat days are not a luxury — the biological case for group healing.,why-retreat-days-are-not-a-luxury-the-biological-case-for-group-healing
Uncategorised,,Your nervous system is running the show — here's what that actually means.,your-nervous-system-is-running-the-show-here-s-what-that-actually-means
